NBS_desc,NBS_group,NBS_short_name,extent_rate,extent,global_extent_mn,global_extent,global_extent_mx,global_ter,ters_100,ters_10,intensity_type,ter_intensity,restore_type,active_remove,prop_co2,prop_ch4,prop_n2o
Agroforestry,Forest,Agro,0,608,154.2,608,997,1040,439,0,average,1.710526316,Manage,1,1,0,0
Avoided woodfuel,Forest,Woodfuel,0,280,224,280,336,367,110,0,average,1.310714286,Manage,0,1,0,0
Better cropping,Agriculture,Crops,0,352,281.6,352,422.4,413,372,248,average,1.173295455,Manage,1,1,0,0
Biochar,Agriculture,Biochar,0,835,319.5,835,1035.5,1102,331,0,average,1.319760479,Manage,1,1,0,0
Fire management,Forest,Fire,1,1,0.8,1,1.2,87,127,0,total,86.7658,Manage,0,1,0,0
Improved plantations,Forest,IFM,0,257,199,257,335,443,266,0,average,1.723735409,Manage,1,1,0,0
Legumes in pastures,Grassland,Legumes,0,72,61,72,680,147,132,88,average,2.041666667,Manage,1,1,0,0
Livestock management,Agriculture,Livestock,0,140,112,140,168,880,264,0,average,6.285714286,Manage,0,0,1,0
Mangrove restoration,Blue,Mangrove,0,11,9,11,13,596,179,0,average,54.18181818,Restore,1,1,0,0
Natural forest management,Forest,NatFor,0,1914,1247,1914,2350,1470,882,441,average,0.768025078,Manage,1,1,0,0
Nutrient management,Agriculture,CropNut,0,880,652,880,1160,706,635,635,average,0.802272727,Manage,0,0,0,1
Optimal grazing,Grassland,Grazing,0,712,569.6,712,854.4,148,89,45,average,0.207865169,Manage,1,1,0,0
Peatland restoration,Wetland,Peatland,0,46.4,46.4,46.4,83,815,394,149,average,17.56333333,Restore,0,1,0,0
Protect forest,Forest,REDD,1,8.97,7.95,8.97,9.98,3603,2897,1816,total,401.7933333,Protect,0,1,0,0
Protect grassland,Grassland,REDDgrass,1,1.7,1.13,1.7,5.4,116,35,0,total,68.38333333,Protect,0,1,0,0
Protect mangrove,Blue,REDDmang,1,0.1,0.04,0.1,0.16,130,117,78,total,1290.153333,Protect,0,1,0,0
Protect peatland,Wetland,REDDpeat,1,0.78,0.29,0.78,0.78,754,678,452,total,977.8266667,Protect,0,1,0,0
Protect salt marsh,Blue,REDDsalt,1,0.08,0.04,0.08,0.12,42,38,25,total,523.5266667,Protect,0,1,0,0
Protect seagrass,Blue,REDDseag,1,0.45,0.12,0.45,0.78,132,119,79,total,293.15,Protect,0,1,0,0
Reforestation,Forest,Refo,0,678,230,678,1125,10124,3037,0,average,14.93215339,Restore,1,1,0,0
Rice management,Agriculture,Rice,0,163,130.4,163,195.6,265,159,80,average,1.625766871,Manage,0,0,0.581081081,0.418918919
Salt marsh restoration,Blue,Salt,0,2,0.2,2,3.2,36,22,0,average,18,Restore,1,1,0,0
Seagrass restoration,Blue,Seagrass,0,17,8.3,17,25.4,209,0,0,average,12.29411765,Restore,1,1,0,0
